INSERT INTO MECHANIC (SECONDNAME, FIRSTNAME, THIRDNAME, MAIL, PHONE)
VALUES
    ('Иванов', 'Алексей', 'Сергеевич', 'alexey.ivanov@mail.com', '79001234567'),
    ('Петров', 'Борис', 'Андреевич', 'boris.petrov@mail.com', '79001234568'),
    ('Сидоров', 'Владимир', 'Иванович', 'vladimir.sidorov@mail.com', '79001234569'),
    ('Кузнецов', 'Николай', 'Александрович', 'nikolay.kuznetsov@mail.com', '79001234570'),
    ('Смирнов', 'Сергей', 'Петрович', 'sergey.smirnov@mail.com', '79001234571'),
    ('Попов', 'Дмитрий', 'Борисович', 'dmitry.popov@mail.com', '79001234572'),
    ('Лебедев', 'Антон', 'Николаевич', 'anton.lebedev@mail.com', '79001234573'),
    ('Козлов', 'Евгений', 'Алексеевич', 'evgeny.kozlov@mail.com', '79001234574'),
    ('Новиков', 'Андрей', 'Владимирович', 'andrey.novikov@mail.com', '79001234575'),
    ('Морозов', 'Михаил', 'Дмитриевич', 'mikhail.morozov@mail.com', '79001234576');

INSERT INTO CUSTOMER (SECONDNAME, FIRSTNAME, THIRDNAME, MAIL, PHONE, COUNTRY, ADDRESS, REQUISITES)
VALUES
    ('Иванов', 'Александр', 'Сергеевич', 'ivanov.alexander@example.com', '1234567890', 'Россия', 'ул. Ленина, д. 1', '1234567890123456'),
    ('Петров', 'Дмитрий', 'Алексеевич', 'petrov.dmitry@example.com', '2345678901', 'Россия', 'ул. Пушкина, д. 2', '2345678901234567'),
    ('Сидоров', 'Андрей', 'Владимирович', 'sidorov.andrey@example.com', '3456789012', 'Россия', 'ул. Лермонтова, д. 3', '3456789012345678'),
    ('Кузнецов', 'Сергей', 'Петрович', 'kuznetsov.sergey@example.com', '4567890124', 'Россия', 'ул. Чехова, д. 4', '4567890123456789'),
    ('Смирнов', 'Владимир', 'Иванович', 'smirnov.vladimir@example.com', '5678901235', 'Россия', 'ул. Гоголя, д. 5', '5678901234567890'),
    ('Попов', 'Николай', 'Александрович', 'popov.nikolay@example.com', '6789012346', 'Россия', 'ул. Маяковского, д. 6', '6789012345678901'),
    ('Васильев', 'Максим', 'Викторович', 'vasiliev.maxim@example.com', '7890123457', 'Россия', 'ул. Тургенева, д. 7', '7890123456789012'),
    ('Зайцев', 'Павел', 'Михайлович', 'zaytsev.pavel@example.com', '8901234568', 'Россия', 'ул. Достоевского, д. 8', '8901234567890123'),
    ('Соколова', 'Анна', 'Игоревна', 'sokolova.anna@example.com', '9012345679', 'Россия', 'ул. Толстого, д. 9', '9012345678901234'),
    ('Морозова', 'Елена', 'Владимировна', 'morozova.elena@example.com', '0123456780', 'Россия', 'ул. Горького, д. 10', '0123456789012345'),
    ('Фёдоров', 'Иван', 'Сергеевич', 'fedorov.ivan@example.com', '1234509877', 'Россия', 'ул. Есенина, д. 11', '1234509876543210'),
    ('Волков', 'Алексей', 'Андреевич', 'volkov.alexey@example.com', '2345609877', 'Россия', 'ул. Цветаевой, д. 12', '2345609876543210'),
    ('Зайцева', 'Мария', 'Александровна', 'zaytseva.maria@example.com', '3456709877', 'Россия', 'ул. Мандельштама, д. 13', '3456709876543210'),
    ('Васильева', 'Ольга', 'Петровна', 'vasilieva.olga@example.com', '4567809877', 'Россия', 'ул. Рубцова, д. 14', '4567809876543210'),
    ('Козлов', 'Денис', 'Александрович', 'kozlov.denis@example.com', '3456789013', 'Россия', 'ул. Гончарова, д. 1', '2345678901234569'),
    ('Орлова', 'Вера', 'Петровна', 'orlova.vera@example.com', '4567890125', 'Россия', 'ул. Липовая, д. 2', '3456789012345690'),
    ('Филиппов', 'Анатолий', 'Сергеевич', 'filippov.anatoly@example.com', '5678901236', 'Россия', 'ул. Сосновая, д. 3', '4567890123456701'),
    ('Павлова', 'Татьяна', 'Ивановна', 'pavlova.tatyana@example.com', '6789012347', 'Россия', 'ул. Березовая, д. 4', '5678901234567812'),
    ('Егорова', 'Екатерина', 'Андреевна', 'egorova.ekaterina@example.com', '7890123458', 'Россия', 'ул. Кленовая, д. 5', '6789012345678923'),
    ('Григорьев', 'Игорь', 'Михайлович', 'grigoriev.igor@example.com', '8901234569', 'Россия', 'ул. Вишневая, д. 6', '7890123456789034'),
    ('Андреев', 'Петр', 'Владимирович', 'andreev.petr@example.com', '9012345670', 'Россия', 'ул. Рябиновая, д. 7', '8901234567890145'),
    ('Николаева', 'Наталья', 'Сергеевна', 'nikolaeva.natalya@example.com', '0123456781', 'Россия', 'ул. Яблоневая, д. 8', '9012345678901256'),
    ('Михайлова', 'Елена', 'Александровна', 'mikhailova.elena@example.com', '1234509878', 'Россия', 'ул. Сиреневая, д. 9', '0123456789012367'),
    ('Гончаров', 'Олег', 'Викторович', 'goncharov.oleg@example.com', '2345609878', 'Россия', 'ул. Черемуховая, д. 10', '1234567890123478'),
    ('Киселев', 'Дмитрий', 'Анатольевич', 'kiselev.dmitry@example.com', '3456709878', 'Россия', 'ул. Розовая, д. 11', '2345678901234589'),
    ('Морозов', 'Сергей', 'Павлович', 'morozov.sergey@example.com', '4567809878', 'Россия', 'ул. Лавандовая, д. 12', '3456789012345690'),
    ('Смирнова', 'Юлия', 'Олеговна', 'smirnova.yulia@example.com', '5678901237', 'Россия', 'ул. Тюльпановая, д. 13', '4567890123456701'),
    ('Кузьмина', 'Алина', 'Владимировна', 'kuzmina.alina@example.com', '6789012348', 'Россия', 'ул. Орхидей, д. 14', '5678901234567812'),
    ('Поляков', 'Григорий', 'Александрович', 'polyakov.grigory@example.com', '7890123459', 'Россия', 'ул. Лилейная, д. 15', '6789012345678923'),
    ('Ковалев', 'Иван', 'Сергеевич', 'kovalev.ivan@example.com', '8901234570', 'Россия', 'ул. Гладиолусовая, д. 16', '7890123456789034'),
    ('Жукова', 'Марина', 'Андреевна', 'zhukova.marina@example.com', '9012345671', 'Россия', 'ул. Камелий, д. 17', '8901234567890145');

INSERT INTO MANAGER (SECONDNAME, FIRSTNAME, THIRDNAME, MAIL, PHONE)
VALUES
    ('Иванов', 'Петр', 'Сергеевич', 'ivanov@example.com', '1234567890123456'),
    ('Петров', 'Александр', 'Иванович', 'petrov@example.com', '2234567890123456'),
    ('Сидоров', 'Андрей', 'Петрович', 'sidorov@example.com', '3234567890123456'),
    ('Кузнецов', 'Михаил', 'Алексеевич', 'kuznetsov@example.com', '4234567890123456'),
    ('Попов', 'Дмитрий', 'Михайлович', 'popov@example.com', '5234567890123456'),
    ('Лебедев', 'Артем', 'Дмитриевич', 'lebedev@example.com', '6234567890123456'),
    ('Волков', 'Сергей', 'Артемович', 'volkov@example.com', '7234567890123456'),
    ('Морозов', 'Владимир', 'Сергеевич', 'morozov@example.com', '8234567890123456'),
    ('Новиков', 'Илья', 'Владимирович', 'novikov@example.com', '9234567890123456'),
    ('Козлов', 'Антон', 'Игоревич', 'kozlov@example.com', '1234567890123457');

INSERT INTO CARS (LABEL_MODEL_ID, YEAR, MILEAGE, ENGINETYPE, ENGINECAPACITY, POWER, PRICE, DESCRIPTION, STATUS)
VALUES
    (1, 2020, 15000, 'Бензин', 2.0, 300, 35000, 'Спортивный и быстрый', true),
    (2, 2019, 20000, 'Бензин', 2.0, 280, 32000, 'Надежный и комфортный', true),
    (3, 2018, 30000, 'Дизель', 3.0, 240, 29000, 'Экономичный и мощный', false),
    (4, 2021, 10000, 'Бензин', 2.5, 330, 40000, 'Элегантный и стильный', true),
    (5, 2017, 50000, 'Дизель', 2.0, 220, 25000, 'Просторный и удобный', true),
    (6, 2016, 60000, 'Бензин', 3.0, 350, 27000, 'Быстрый и роскошный', false),
    (7, 2015, 70000, 'Дизель', 2.5, 230, 20000, 'Практичный и надежный', true),
    (8, 2020, 20000, 'Бензин', 4.0, 450, 55000, 'Спортивный и мощный', true),
    (9, 2019, 25000, 'Бензин', 4.4, 520, 60000, 'Высокая производительность', false),
    (10, 2018, 30000, 'Дизель', 3.0, 320, 45000, 'Мощный и экономичный', false),

    (11, 2020, 10000, 'Бензин', 6.0, 600, 150000, 'Роскошный и мощный', true),
    (12, 2019, 15000, 'Бензин', 4.0, 550, 120000, 'Удобный и стильный', true),
    (13, 2018, 20000, 'Бензин', 6.0, 635, 200000, 'Эксклюзивный и быстрый', false),
    (14, 2021, 5000, 'Бензин', 4.0, 550, 180000, 'Элегантный и мощный', false),
    (15, 2017, 25000, 'Бензин', 6.0, 626, 170000, 'Комфортный и роскошный', true),

    (16, 2020, 15000, 'Бензин', 2.9, 510, 70000, 'Спортивный и стильный', true),
    (17, 2019, 20000, 'Бензин', 1.4, 170, 30000, 'Удобный и компактный', true),
    (18, 2018, 25000, 'Бензин', 2.0, 280, 40000, 'Элегантный и быстрый', false),
    (19, 2021, 10000, 'Бензин', 2.0, 280, 60000, 'Мощный и стильный', false),

    (20, 2020, 12000, 'Бензин', 2.0, 255, 50000, 'Элегантный и стильный', true),
    (21, 2019, 18000, 'Бензин', 3.0, 362, 60000, 'Комфортный и мощный', true),
    (22, 2018, 22000, 'Бензин', 4.0, 469, 80000, 'Роскошный и мощный', false),
    (23, 2021, 8000, 'Бензин', 3.0, 390, 75000, 'Быстрый и элегантный', true),
    (24, 2017, 30000, 'Бензин', 4.0, 469, 70000, 'Спортивный и мощный', false),
    (25, 2016, 40000, 'Бензин', 3.5, 306, 55000, 'Комфортный и стильный', true),
    (26, 2015, 50000, 'Бензин', 2.0, 184, 35000, 'Практичный и надежный', true),
    (27, 2020, 20000, 'Бензин', 4.0, 421, 90000, 'Мощный и элегантный', false),
    (28, 2019, 24000, 'Бензин', 4.0, 476, 95000, 'Спортивный и комфортный', true),
    (29, 2018, 28000, 'Бензин', 3.0, 367, 85000, 'Роскошный и быстрый', true),

    (30, 2021, 15000, 'Бензин', 2.0, 190, 45000, 'Элегантный и комфортный', true);


INSERT INTO LABELS (LABEL, COUNTRY)
VALUES
    ('BMW', 'Германия'),
    ('Bentley', 'Великобритания'),
    ('Alfa Romeo', 'Италия'),
    ('Mercedes-Benz', 'Германия'),
    ('Audi', 'Германия'),
    ('Ford', 'США'),
    ('Geely', 'Китай'),
    ('Lexus', 'Япония'),
    ('Mazda', 'Япония'),
    ('Aurus', 'Россия');

INSERT INTO MODEL (MODEL)
VALUES
    ('z4'),
    ('z3'),
    ('3 серии'),
    ('4 серии'),
    ('5 серии'),
    ('7 серии'),
    ('m3'),
    ('m4'),
    ('m5'),
    ('m8'),

    ('Bentayga'),
    ('Continental'),
    ('Continental GT'),
    ('Flying Spur'),
    ('Continental Flying Spur'),

    ('Giulia'),
    ('Giulietta'),
    ('Spider'),
    ('Stelvio'),

    ('C-class'),
    ('E-class'),
    ('S-class'),
    ('C-class AMG'),
    ('E-class AMG'),
    ('S-class AMG'),
    ('CLA'),
    ('CLS'),
    ('CLC'),
    ('AMG GT'),

    ('A4'),
    ('A6'),
    ('A8'),
    ('S4'),
    ('S8'),
    ('R8'),
    ('RS7'),
    ('RS6'),

    ('Escape'),
    ('Explorer'),
    ('Fiesta'),
    ('Focus'),
    ('Fusion'),
    ('Mondeo'),

    ('Atlas'),
    ('Atlas Pro'),
    ('Emgrand'),
    ('Monjaro'),
    ('Tugella'),

    ('ES'),
    ('IS'),
    ('LX'),

    ('3'),
    ('6'),
    ('CX-5'),
    ('CX-7'),
    ('CX-9'),

    ('Senat'),
    ('Komendant');


INSERT INTO LABEL_MODEL (LABEL_ID, MODEL_ID)
VALUES
    (1, 1),
    (1, 2),
    (1, 3),
    (1, 4),
    (1, 5),
    (1, 6),
    (1, 7),
    (1, 8),
    (1, 9),
    (1, 10),

    (2, 11),
    (2, 12),
    (2, 13),
    (2, 14),
    (2, 15),

    (3, 16),
    (3, 17),
    (3, 18),
    (3, 19),

    (4, 20),
    (4, 21),
    (4, 22),
    (4, 23),
    (4, 24),
    (4, 25),
    (4, 26),
    (4, 27),
    (4, 28),
    (4, 29),

    (5, 30),
    (5, 31),
    (5, 32),
    (5, 33),
    (5, 34),
    (5, 35),
    (5, 36),
    (5, 37),

    (6, 38),
    (6, 39),
    (6, 40),
    (6, 41),
    (6, 42),
    (6, 43),

    (7, 44),
    (7, 45),
    (7, 46),
    (7, 47),
    (7, 48),

    (8, 49),
    (8, 50),
    (8, 51),

    (9, 52),
    (9, 53),
    (9, 54),
    (9, 55),
    (9, 56),

    (10, 57),
    (10, 58);

INSERT INTO ORDERCAR (CUSTOMER_ID, MANAGER_ID, DATE, CAR_ID, STATUS, COMMENT)
VALUES
    (1, 1, '2023-01-15', 1, true, 'Срочная покупка'),
    (2, 2, '2023-02-20', 2, true, 'Предварительный заказ'),
    (3, 3, '2023-03-10', 3, true, 'Покупка в рассрочку'),
    (4, 4, '2023-04-05', 4, true, 'Покупка через интернет'),
    (5, 5, '2023-05-25', 5, true, 'Скидка по акции'),
    (6, 6, '2023-06-18', 6, true, 'Покупка в лизинг'),
    (7, 7, '2023-07-21', 7, true, 'Покупка с трейд-ин'),
    (8, 8, '2023-08-15', 8, true, 'Специальная комплектация'),
    (9, 9, '2023-09-10', 9, true, 'Оплата наличными'),
    (10, 10, '2023-10-12', 10, true, 'Зарезервированный автомобиль'),
    (11, 1, '2023-11-01', 11, true, 'Покупка через интернет'),
    (12, 2, '2023-12-05', 12, true, 'Срочная доставка'),
    (13, 3, '2023-01-22', 13, true, 'Покупка с дополнительной гарантией'),
    (14, 4, '2023-02-28', 14, true, 'Подарок на день рождения'),
    (15, 5, '2023-03-16', 15, true, 'Покупка для компании'),
    (16, 6, '2023-04-20', 16, true, 'Специальная акция'),
    (17, 7, '2023-05-14', 17, true, 'Покупка после тест-драйва'),
    (18, 8, '2023-06-22', 18, true, 'Заказ через дилера'),
    (19, 9, '2023-07-30', 19, true, 'Покупка по акции выходного дня'),
    (20, 10, '2023-08-19', 20, true, 'Покупка после длительного ожидания');

INSERT INTO SPAREPARTS (LABEL, LABEL_MODEL_ID, DESCRIPTION, PRICE, QUANTITY, STATUS)
VALUES
    ('Фильтр масляный', 1, 'Высококачественный масляный фильтр', 1200.50, 0, false),
    ('Свеча зажигания', 2, 'Свеча зажигания для бензиновых двигателей', 450.00, 100, true),
    ('Воздушный фильтр', 3, 'Фильтр для очищения воздуха в салоне', 950.75, 75, true),
    ('Тормозные колодки', 4, 'Комплект тормозных колодок', 3200.20, 30, true),
    ('Амортизатор', 5, 'Амортизатор передней подвески', 5800.99, 20, true),
    ('Ремень ГРМ', 6, 'Ремень газораспределительного механизма', 2100.40, 0, false),
    ('Топливный насос', 7, 'Электрический топливный насос', 6700.80, 15, true),
    ('Батарея', 8, 'Аккумуляторная батарея 12В', 8500.55, 25, true),
    ('Термостат', 9, 'Термостат системы охлаждения', 1850.30, 0, false),
    ('Радиатор охлаждения', 10, 'Радиатор системы охлаждения', 12500.90, 10, true),

    ('Фильтр топливный', 11, 'Фильтр для очищения топлива', 1300.60, 0, false),
    ('Датчик давления масла', 12, 'Датчик контроля давления масла', 600.45, 80, true),
    ('Фара передняя', 13, 'Комплект передних фар', 15000.75, 8, true),
    ('Задние фонари', 14, 'Комплект задних фонарей', 12000.60, 0, false),
    ('Щетки стеклоочистителя', 15, 'Комплект щеток стеклоочистителя', 900.25, 100, true),
    ('Генератор', 16, 'Генератор переменного тока', 9500.85, 0, false),
    ('Колодки тормозные задние', 17, 'Комплект задних тормозных колодок', 2800.50, 0, false),
    ('Катушка зажигания', 18, 'Катушка зажигания для бензиновых двигателей', 3500.90, 30, true),
    ('Рулевой наконечник', 19, 'Рулевой наконечник правый', 4500.65, 25, true),
    ('Фильтр салонный', 20, 'Фильтр для очистки воздуха в салоне', 1100.80, 70, true),

    ('Стартер', 21, 'Стартер двигателя', 10500.75, 12, true),
    ('Шаровая опора', 22, 'Шаровая опора передней подвески', 2300.40, 50, true),
    ('Диски тормозные', 23, 'Комплект тормозных дисков', 8700.90, 15, true),
    ('Стойка стабилизатора', 24, 'Стойка переднего стабилизатора', 2800.30, 35, true),
    ('Кузовной фильтр', 25, 'Фильтр кузовной вентиляции', 1500.50, 0, false),
    ('Прокладка ГБЦ', 26, 'Прокладка головки блока цилиндров', 1700.65, 40, true),
    ('Ремень приводной', 27, 'Приводной ремень', 1800.20, 45, true),
    ('Патрубок радиатора', 28, 'Патрубок для радиатора', 1300.30, 70, true),
    ('Трубка тормозная', 29, 'Тормозная трубка передняя', 2200.10, 0, false),
    ('Зеркало боковое', 30, 'Боковое зеркало с подогревом', 7500.90, 20, true);

INSERT INTO ORDERSPAREPARTS (CUSTOMER_ID, SPAREPART_ID, DATE, QUANTITY, STATUS)
VALUES
    (1, 1, '2023-01-15', 3, true),
    (2, 2, '2023-02-20', 2, true),
    (3, 3, '2023-03-10', 5, true),
    (4, 4, '2023-04-05', 4, true),
    (5, 5, '2023-05-25', 1, true),
    (6, 6, '2023-06-18', 2, true),
    (7, 7, '2023-07-21', 3, true),
    (8, 8, '2023-08-15', 4, true),
    (9, 9, '2023-09-10', 2, true),
    (10, 10, '2023-10-12', 1, true),
    (11, 11, '2023-11-01', 3, true),
    (12, 12, '2023-12-05', 2, true),
    (13, 13, '2023-01-22', 4, true),
    (14, 14, '2023-02-28', 5, true),
    (15, 15, '2023-03-16', 2, true),
    (16, 16, '2023-04-20', 3, true),
    (17, 17, '2023-05-14', 1, true),
    (18, 18, '2023-06-22', 4, true),
    (19, 19, '2023-07-30', 2, true),
    (20, 20, '2023-08-19', 3, true);

INSERT INTO SERVICESHEET (CUSTOMER_ID, MECHANIC_ID, DATE, LABEL_MODEL_ID, PROBLEMDESCRIPTION, PRICE, STATUS)
VALUES
    (1, 1, '2023-01-10', 5, 'Проблемы с двигателем', 250.00, true),
    (2, 2, '2023-02-15', 10, 'Неисправность тормозной системы', 300.00, true),
    (3, 3, '2023-03-20', 15, 'Замена масла и фильтров', 100.00, true),
    (4, 4, '2023-04-25', 20, 'Стук в подвеске', 150.00, true),
    (5, 5, '2023-05-30', 25, 'Замена тормозных колодок', 200.00, true),
    (6, 6, '2023-06-05', 30, 'Неисправность электрооборудования', 350.00, true),
    (7, 7, '2023-07-10', 35, 'Течь масла', 180.00, true),
    (8, 8, '2023-08-15', 40, 'Ремонт трансмиссии', 400.00, true),
    (9, 9, '2023-09-20', 45, 'Замена ремня ГРМ', 220.00, true),
    (10, 10, '2023-10-25', 50, 'Проблемы с подвеской', 280.00, true),
    (1, 1, '2023-11-30', 55, 'Неисправность системы охлаждения', 320.00, true),
    (2, 2, '2023-12-05', 3, 'Замена аккумулятора', 150.00, true),
    (3, 3, '2023-01-10', 8, 'Замена свечей зажигания', 100.00, true),
    (4, 4, '2023-02-15', 13, 'Замена тормозной жидкости', 70.00, true),
    (5, 5, '2023-03-20', 18, 'Неисправность рулевого управления', 300.00, true),
    (6, 6, '2023-04-25', 23, 'Проблемы с электрической системой', 250.00, true),
    (7, 7, '2023-05-30', 28, 'Замена фар', 120.00, true),
    (8, 8, '2023-06-05', 33, 'Ремонт выхлопной системы', 350.00, true),
    (9, 9, '2023-07-10', 38, 'Замена воздушного фильтра', 50.00, true),
    (10, 10, '2023-08-15', 43, 'Неисправность сцепления', 280.00, true),
    (1, 1, '2023-09-20', 48, 'Замена передних тормозных дисков', 220.00, true),
    (2, 2, '2023-10-25', 53, 'Проблемы с подвеской', 270.00, true),
    (3, 3, '2023-11-30', 58, 'Ремонт кондиционера', 320.00, true),
    (4, 4, '2023-12-05', 4, 'Замена ремня ГРМ', 200.00, true),
    (5, 5, '2023-01-10', 9, 'Неисправность системы охлаждения', 180.00, true),
    (6, 6, '2023-02-15', 14, 'Проблемы с тормозной системой', 150.00, true),
    (7, 7, '2023-03-20', 19, 'Замена масла и фильтров', 100.00, true),
    (8, 8, '2023-04-25', 24, 'Проблемы с электрической системой', 250.00, true),
    (9, 9, '2023-05-30', 29, 'Замена аккумулятора', 150.00, true),
    (10, 10, '2023-06-05', 34, 'Ремонт трансмиссии', 400.00, true);
